Handle,Title,Body (HTML),Vendor,Type,Tags,Published,Option1 Name,Option1 Value,Option2 Name,Option2 Value,Variant SKU,Variant Price,Variant Compare At Price,Variant Inventory Qty,Variant Inventory Policy,Image Src,Image Position,Image Alt Text,SEO Title,SEO Description
neon-armband-schwarz,Neon Armband™ Schwarz,"<p>Das Original Neon Armband™ aus hochwertigem, weichem Silikon. Angenehm zu tragen und perfekt für jeden Anlass.</p><ul><li>Premium Silikon</li><li>Hypoallergen</li><li>Wasserfest</li><li>Passend für Apple Watch</li></ul>",NEORIC,Armband,"apple-watch, silikon, neon-armband, schwarz",TRUE,Größe,38/40/41mm,,,NEO-BLK-S,24.99,34.99,100,deny,https://images.unsplash.com/photo-1434493789847-2a75b0eb6144?w=800,1,Neon Armband Schwarz für Apple Watch,Neon Armband™ Schwarz | NEORIC,Premium Silikon Armband für Apple Watch - Weich und angenehm zu tragen
neon-armband-schwarz,Neon Armband™ Schwarz,"<p>Das Original Neon Armband™ aus hochwertigem, weichem Silikon. Angenehm zu tragen und perfekt für jeden Anlass.</p><ul><li>Premium Silikon</li><li>Hypoallergen</li><li>Wasserfest</li><li>Passend für Apple Watch</li></ul>",NEORIC,Armband,"apple-watch, silikon, neon-armband, schwarz",TRUE,Größe,42/44/45/49mm,,,NEO-BLK-L,24.99,34.99,100,deny,,,,,
neon-armband-blau,Neon Armband™ Blau,"<p>Das Original Neon Armband™ in strahlendem Blau. Aus hochwertigem, weichem Silikon gefertigt.</p><ul><li>Premium Silikon</li><li>Hypoallergen</li><li>Wasserfest</li><li>Passend für Apple Watch</li></ul>",NEORIC,Armband,"apple-watch, silikon, neon-armband, blau",TRUE,Größe,38/40/41mm,,,NEO-BLU-S,24.99,34.99,100,deny,https://images.unsplash.com/photo-1523275335684-37898b6baf30?w=800,1,Neon Armband Blau für Apple Watch,Neon Armband™ Blau | NEORIC,Premium Silikon Armband für Apple Watch in Blau
neon-armband-blau,Neon Armband™ Blau,"<p>Das Original Neon Armband™ in strahlendem Blau. Aus hochwertigem, weichem Silikon gefertigt.</p><ul><li>Premium Silikon</li><li>Hypoallergen</li><li>Wasserfest</li><li>Passend für Apple Watch</li></ul>",NEORIC,Armband,"apple-watch, silikon, neon-armband, blau",TRUE,Größe,42/44/45/49mm,,,NEO-BLU-L,24.99,34.99,100,deny,,,,,
neon-armband-gruen,Neon Armband™ Grün,"<p>Das Original Neon Armband™ in frischem Grün. Perfekt für einen sportlichen Look.</p><ul><li>Premium Silikon</li><li>Hypoallergen</li><li>Wasserfest</li><li>Passend für Apple Watch</li></ul>",NEORIC,Armband,"apple-watch, silikon, neon-armband, gruen",TRUE,Größe,38/40/41mm,,,NEO-GRN-S,24.99,34.99,100,deny,https://images.unsplash.com/photo-1559181567-c3190ca9959b?w=800,1,Neon Armband Grün für Apple Watch,Neon Armband™ Grün | NEORIC,Premium Silikon Armband für Apple Watch in Grün
neon-armband-gruen,Neon Armband™ Grün,"<p>Das Original Neon Armband™ in frischem Grün. Perfekt für einen sportlichen Look.</p><ul><li>Premium Silikon</li><li>Hypoallergen</li><li>Wasserfest</li><li>Passend für Apple Watch</li></ul>",NEORIC,Armband,"apple-watch, silikon, neon-armband, gruen",TRUE,Größe,42/44/45/49mm,,,NEO-GRN-L,24.99,34.99,100,deny,,,,,
neon-armband-rot,Neon Armband™ Rot,"<p>Das Original Neon Armband™ in kräftigem Rot. Ein echter Hingucker an deinem Handgelenk.</p><ul><li>Premium Silikon</li><li>Hypoallergen</li><li>Wasserfest</li><li>Passend für Apple Watch</li></ul>",NEORIC,Armband,"apple-watch, silikon, neon-armband, rot",TRUE,Größe,38/40/41mm,,,NEO-RED-S,24.99,34.99,100,deny,https://images.unsplash.com/photo-1542496658-e33a6d0d50f6?w=800,1,Neon Armband Rot für Apple Watch,Neon Armband™ Rot | NEORIC,Premium Silikon Armband für Apple Watch in Rot
neon-armband-rot,Neon Armband™ Rot,"<p>Das Original Neon Armband™ in kräftigem Rot. Ein echter Hingucker an deinem Handgelenk.</p><ul><li>Premium Silikon</li><li>Hypoallergen</li><li>Wasserfest</li><li>Passend für Apple Watch</li></ul>",NEORIC,Armband,"apple-watch, silikon, neon-armband, rot",TRUE,Größe,42/44/45/49mm,,,NEO-RED-L,24.99,34.99,100,deny,,,,,
neon-armband-pink,Neon Armband™ Pink,"<p>Das Original Neon Armband™ in trendigem Pink. Für alle, die auffallen wollen.</p><ul><li>Premium Silikon</li><li>Hypoallergen</li><li>Wasserfest</li><li>Passend für Apple Watch</li></ul>",NEORIC,Armband,"apple-watch, silikon, neon-armband, pink",TRUE,Größe,38/40/41mm,,,NEO-PNK-S,24.99,34.99,100,deny,https://images.unsplash.com/photo-1546868871-7041f2a55e12?w=800,1,Neon Armband Pink für Apple Watch,Neon Armband™ Pink | NEORIC,Premium Silikon Armband für Apple Watch in Pink
neon-armband-pink,Neon Armband™ Pink,"<p>Das Original Neon Armband™ in trendigem Pink. Für alle, die auffallen wollen.</p><ul><li>Premium Silikon</li><li>Hypoallergen</li><li>Wasserfest</li><li>Passend für Apple Watch</li></ul>",NEORIC,Armband,"apple-watch, silikon, neon-armband, pink",TRUE,Größe,42/44/45/49mm,,,NEO-PNK-L,24.99,34.99,100,deny,,,,,
neon-armband-orange,Neon Armband™ Orange,"<p>Das Original Neon Armband™ in leuchtendem Orange. Sportlich und stylisch zugleich.</p><ul><li>Premium Silikon</li><li>Hypoallergen</li><li>Wasserfest</li><li>Passend für Apple Watch</li></ul>",NEORIC,Armband,"apple-watch, silikon, neon-armband, orange",TRUE,Größe,38/40/41mm,,,NEO-ORG-S,24.99,34.99,100,deny,https://images.unsplash.com/photo-1579586337278-3befd40fd17a?w=800,1,Neon Armband Orange für Apple Watch,Neon Armband™ Orange | NEORIC,Premium Silikon Armband für Apple Watch in Orange
neon-armband-orange,Neon Armband™ Orange,"<p>Das Original Neon Armband™ in leuchtendem Orange. Sportlich und stylisch zugleich.</p><ul><li>Premium Silikon</li><li>Hypoallergen</li><li>Wasserfest</li><li>Passend für Apple Watch</li></ul>",NEORIC,Armband,"apple-watch, silikon, neon-armband, orange",TRUE,Größe,42/44/45/49mm,,,NEO-ORG-L,24.99,34.99,100,deny,,,,,
neon-armband-weiss,Neon Armband™ Weiß,"<p>Das Original Neon Armband™ in klassischem Weiß. Zeitlos elegant für jeden Anlass.</p><ul><li>Premium Silikon</li><li>Hypoallergen</li><li>Wasserfest</li><li>Passend für Apple Watch</li></ul>",NEORIC,Armband,"apple-watch, silikon, neon-armband, weiss",TRUE,Größe,38/40/41mm,,,NEO-WHT-S,24.99,34.99,100,deny,https://images.unsplash.com/photo-1617043786394-f977fa12eddf?w=800,1,Neon Armband Weiß für Apple Watch,Neon Armband™ Weiß | NEORIC,Premium Silikon Armband für Apple Watch in Weiß
neon-armband-weiss,Neon Armband™ Weiß,"<p>Das Original Neon Armband™ in klassischem Weiß. Zeitlos elegant für jeden Anlass.</p><ul><li>Premium Silikon</li><li>Hypoallergen</li><li>Wasserfest</li><li>Passend für Apple Watch</li></ul>",NEORIC,Armband,"apple-watch, silikon, neon-armband, weiss",TRUE,Größe,42/44/45/49mm,,,NEO-WHT-L,24.99,34.99,100,deny,,,,,
neon-armband-gelb,Neon Armband™ Gelb,"<p>Das Original Neon Armband™ in sonnigem Gelb. Für gute Laune am Handgelenk.</p><ul><li>Premium Silikon</li><li>Hypoallergen</li><li>Wasserfest</li><li>Passend für Apple Watch</li></ul>",NEORIC,Armband,"apple-watch, silikon, neon-armband, gelb",TRUE,Größe,38/40/41mm,,,NEO-YLW-S,24.99,34.99,100,deny,https://images.unsplash.com/photo-1508685096489-7afe182e0ea1?w=800,1,Neon Armband Gelb für Apple Watch,Neon Armband™ Gelb | NEORIC,Premium Silikon Armband für Apple Watch in Gelb
neon-armband-gelb,Neon Armband™ Gelb,"<p>Das Original Neon Armband™ in sonnigem Gelb. Für gute Laune am Handgelenk.</p><ul><li>Premium Silikon</li><li>Hypoallergen</li><li>Wasserfest</li><li>Passend für Apple Watch</li></ul>",NEORIC,Armband,"apple-watch, silikon, neon-armband, gelb",TRUE,Größe,42/44/45/49mm,,,NEO-YLW-L,24.99,34.99,100,deny,,,,,
